Round,Accuracy,Precision,Recall,F1Score,ROC AUC,Training Time,Testing Time
1,0.460823491,0.103681002,0.287547436,0.228223472,0.168746443,95.21570301,0.253005212
2,0.48506551,0.384922745,0.387724402,0.408312938,0.428848844,101.102171,0.267410526
3,0.586509588\9,0.525700228,0.487796941,0.488352695,0.548973119,98.23810751,0.387848472
4,0.602428618,0.522627088,0.567949052,0.548141933,0.569019849,120.0126614,0.689212845
5,0.62103529,0.566686447,0.588033571,0.568180735,0.569234545,180.2457936,0.686943284
6,0.684288605,0.588570563,0.648070347,0.628592305,0.609131191,230.1077112,0.999400264
7,0.680865368,0.607240233,0.647879493,0.649554516,0.569183881,310.7041068,1.124975671
8,0.664642774,0.607127504,0.628070347,0.60875735,0.569207723,315.2826431,1.680325278
